0,1,2,3,
Cognitive Growth Fund - Class X , Cognitive growth fund - Class Z,,,
Cognitive Growth Fund - Class X, Regional tax free income fund - Class 5 , Cognitive growth fund - Class Z,,
Regional tax free income fund - Class 5,Cognitive growth fund - Class Z , Cognitive Growth Fund - Class X,,
Regional Tax Free Income Fund - Class X , Regional tax free income fund - Class 5,,,
Regional Tax Free Income Fund - Class X,Cognitive Growth Fund - Class X , Regional tax free income fund - Class 5,,
Regional Tax Free Income Fund - Class X,Cognitive Growth Fund - Class X , Cognitive growth fund - Class Z,,
Regional Tax Free Income Fund - Class X,Cognitive growth fund - Class Z , Cognitive Growth Fund - Class X,,
Regional Tax Free Income Fund - Class X,Cognitive growth fund - Class Z , Regional tax free income fund - Class 5,,
Regional Tax Free Income Fund - Class X,Cognitive Growth Fund - Class X,Regional tax free income fund - Class 5 , Cognitive growth fund - Class Z,
Regional Tax Free Income Fund - Class X,Cognitive Growth Fund - Class X,Cognitive growth fund - Class Z , Regional tax free income fund - Class 5,
Regional Tax Free Income Fund - Class X,Regional tax free income fund - Class 5,Cognitive growth fund - Class Z , Cognitive Growth Fund - Class X,
Regional Tax Free Income Fund - Class X,core equity fund - Class 5 , Regional tax free income fund - Class 5,,
Cognitive Growth Fund - Class X,core equity fund - Class 5 , Regional tax free income fund - Class 5,,
Cognitive Growth Fund - Class X,core equity fund - Class 5 , Cognitive growth fund - Class Z,,
Cognitive Growth Fund - Class X,Regional tax free income fund - Class 5,core equity fund - Class 5 , Cognitive growth fund - Class Z,
Cognitive Growth Fund - Class X,Cognitive growth fund - Class Z,core equity fund - Class 5 , Regional tax free income fund - Class 5,
Regional tax free income fund - Class 5,Cognitive growth fund - Class Z,core equity fund - Class 5 , Cognitive Growth Fund - Class X,
Cognitive Growth Fund - Class X,core equity fund - Class Z , Cognitive growth fund - Class Z,,
Cross us fund - Class Z , Cognitive growth fund - Class Z,,,
Regional Tax Free Income Fund - Class X,Cross equity dividend fund - Class Z , Regional tax free income fund - Class 5,,
Cognitive Growth Fund - Class X,Cross equity dividend fund - Class Z , Cognitive growth fund - Class Z,,
Regional Tax Free Income Fund - Class X,Cognitive Growth Fund - Class X,core equity fund - Class 5 , Regional tax free income fund - Class 5,
Regional Tax Free Income Fund - Class X,Cognitive Growth Fund - Class X,core equity fund - Class 5 , Cognitive growth fund - Class Z,
Regional Tax Free Income Fund - Class X,Cognitive growth fund - Class Z,core equity fund - Class 5 , Cognitive Growth Fund - Class X,
Regional Tax Free Income Fund - Class X,Cognitive growth fund - Class Z,core equity fund - Class 5 , Regional tax free income fund - Class 5,
Cognitive Growth Fund - Class X,Regional tax free income fund - Class 5,core equity fund - Class Z , Cognitive growth fund - Class Z,
Regional tax free income fund - Class 5,Cognitive growth fund - Class Z,core equity fund - Class Z , Cognitive Growth Fund - Class X,
Regional Tax Free Income Fund - Class X,Cognitive Growth Fund - Class X,Regional tax free income fund - Class 5,core equity fund - Class 5 , Cognitive growth fund - Class Z
Regional Tax Free Income Fund - Class X,Cognitive Growth Fund - Class X,Cognitive growth fund - Class Z,core equity fund - Class 5 , Regional tax free income fund - Class 5
Regional Tax Free Income Fund - Class X,Regional tax free income fund - Class 5,Cognitive growth fund - Class Z,core equity fund - Class 5 , Cognitive Growth Fund - Class X
Core Equity Fund - Class 6 , Cross equity dividend fund - Class Z,,,
Core Equity Fund - Class 6 , core equity fund - Class 5,,,
Cross equity dividend fund - Class Z,Core Equity Fund - Class 6 , core equity fund - Class 5,,
Core Equity Fund - Class 6,core equity fund - Class 5 , Cross equity dividend fund - Class Z,,
Cognitive Growth Fund - Class X,Small Cap Growth Fund - Class Z , Cognitive growth fund - Class Z,,
Regional Tax Free Income Fund - Class X,core equity fund - Class Z , Regional tax free income fund - Class 5,,
Regional Tax Free Income Fund - Class X,Cross equity dividend fund - Class Z,core equity fund - Class 5 , Regional tax free income fund - Class 5,
Cognitive Growth Fund - Class X,Cross equity dividend fund - Class Z,Regional tax free income fund - Class 5 , Cognitive growth fund - Class Z,
Cross equity dividend fund - Class Z,Regional tax free income fund - Class 5,Cognitive growth fund - Class Z , Cognitive Growth Fund - Class X,
